      Plot replica #,               up1 a,               up1 b,               up1 c,               dp1 a,               dp1 b,               dp1 c,               sp1 a,               sp1 b,               sp1 c,               um1 a,               um1 b,               um1 c,               dm1 a,               dm1 b,               dm1 c,               sm1 a,               sm1 b,               sm1 c,                GT a,                GT b,                GT c,                G2 a,                G2 b,                G2 c,
                   1,           -1.013696,           -0.438117,            2.117991,            6.605533,          -14.845290,           11.452994,            4.500687,           -2.675912,            1.804003,           -8.824974,            8.239489,           12.876878,           -8.129266,            5.668892,            4.850818,            4.114758,           -9.003225,            3.544275,            4.231431,          -13.440630,            0.042673,            0.550015,            1.162488,           -4.936175,
                   2,           -0.773348,            5.657034,            1.752893,            7.009715,           -9.179762,           11.353556,           11.293987,           -1.091249,          -11.200360,           -6.733758,            2.210244,           16.655769,           -9.804855,            0.199905,           18.340337,            2.590983,           -1.571769,           -4.440851,            1.293390,           -4.737341,            7.010200,           -0.451132,           -1.137934,           -3.487548,
                   3,           -0.225979,            5.106644,           -3.584562,            7.236554,           -9.220330,            6.038250,            6.252660,            2.272365,           -9.348200,           -7.545092,            7.147470,           11.345877,          -11.252456,            8.768456,           13.383358,            0.466381,            1.724551,           -1.596841,            3.069997,           -7.499759,           -0.674184,           -0.113207,           -1.364405,           -1.502932,
                   4,           -0.893855,            4.748738,           -1.717461,            6.598992,           -9.542602,            7.777328,            6.584539,            0.130074,           -7.408818,           -7.633526,            4.127082,           15.756762,           -7.596523,           -6.638734,           21.922130,            0.361755,           -1.076109,            0.909136,            4.067082,           -9.118829,           -3.259533,            0.435428,           -1.324260,           -2.700802,
                   5,           -0.129755,            3.656605,           -6.097399,            7.091663,          -10.193416,            3.360249,            5.689249,            1.659539,          -11.276234,           -5.630835,            4.233076,            9.617289,           -3.022179,           -7.947027,           13.656581,            1.950151,           -1.247754,           -4.315723,            4.639520,          -11.198236,           -5.236611,           -0.079523,           -0.743843,           -0.293164,
                   6,           -1.654978,            6.426255,           -2.007911,            6.230155,           -8.382014,            7.218405,            7.547094,            0.540918,          -10.687390,           -7.749367,            6.923758,           12.142817,          -11.988531,            5.161407,           18.187581,            1.328862,           -0.554320,           -3.099714,            3.255457,           -7.855051,           -2.139917,            0.442793,           -1.812095,           -2.120371,
                   7,           -1.123072,            6.343376,            0.221337,            6.241503,           -7.700558,            9.673968,           10.613624,           -4.828594,           -7.892330,           -5.421913,            2.254471,           11.891099,           -6.655540,           -4.559515,           16.645308,            9.853993,           -9.904057,          -17.275707,            1.917613,           -5.415542,            3.576714,           -0.050859,           -1.376913,           -3.201931,
                   8,           -2.142466,            5.501844,           -3.705146,            5.715455,           -9.538713,            6.067048,           14.966082,          -13.660078,          -14.065453,           -7.756575,            6.160557,           12.862746,           -6.453308,           -2.897206,           13.147536,            7.619337,           -8.857163,           -8.936968,            5.096425,          -12.652217,           -4.843366,           -0.034945,           -0.121121,           -1.202328,
                   9,            2.120253,            1.270647,           -5.443735,            9.637643,          -13.313659,            4.429641,           10.561763,           -3.452191,          -15.131242,           -4.601515,            2.729081,            9.323559,           -7.697454,            4.727506,            7.541012,            5.851313,           -6.201656,           -8.398255,            5.539540,          -11.028050,           -3.649735,           -1.334190,            0.656676,           -0.428491,
                  10,           -3.696292,           13.530081,            1.159666,            3.731944,           -0.666737,           10.686313,            7.101412,            5.398939,           -6.385412,           -6.618636,            8.591859,            6.884694,           -5.047818,            6.526462,            1.156876,            3.101271,           -2.236916,           -4.428700,           -0.541356,            0.375127,            5.203441,            1.277128,           -5.128391,           -3.768645,
                  11,            0.883021,            3.201846,           -3.270524,            8.133451,          -10.921809,            6.605902,            4.735662,            4.605061,           -9.134900,           -5.743596,            2.624761,           13.488124,           -7.554536,            1.027024,           12.202458,            2.622764,           -3.274817,           -1.886215,            3.232603,           -7.969021,            0.278157,           -0.421307,           -0.774272,           -1.710617,
                  12,           -0.154279,            5.015487,           -3.381610,            7.442758,           -9.630032,            6.391360,           10.005591,            0.506408,          -17.983082,           -8.013809,            4.832245,           14.597781,          -15.642227,            6.356317,           20.729762,            0.943021,            0.231332,           -5.233647,            3.738435,           -7.806357,           -2.183572,           -0.412685,           -1.192127,           -0.945597,
                  13,            0.024361,            4.640170,           -4.282877,            7.555002,           -9.788917,            5.337670,            4.398992,            6.433004,          -11.351088,           -7.572766,            4.711689,           15.912949,          -11.335777,            7.399895,           13.119288,           -0.073771,           -0.671561,            2.417869,            4.087138,           -8.786470,           -3.961249,            0.088650,           -1.640215,           -1.212357,
                  14,           -1.387561,           10.029889,           -4.533197,            6.079969,           -4.300950,            5.097985,            6.953481,            3.490057,          -10.471436,           -6.915464,            4.858326,           11.729475,           -9.379550,           -0.202590,           15.220489,            2.700800,           -1.140250,           -8.912874,            1.853293,           -3.681155,           -0.308395,            0.270920,           -3.462437,           -1.002509,
                  15,           -0.117173,            8.501856,            1.970183,            7.353416,           -5.906035,           11.719803,           16.949877,          -12.367857,           -7.859435,           -8.054055,            5.796924,           14.947716,          -11.280758,            6.794657,           14.529807,            8.255606,          -14.525081,           -1.130643,            0.661209,           -1.055077,            9.998903,           -1.046068,           -1.533383,           -3.993388,
                  16,           -1.106711,            1.915645,           -0.123057,            6.763321,          -12.819607,            9.088449,           13.503750,          -11.733830,           -9.148129,           -6.062881,            4.342436,           10.810129,           -7.779200,           -2.776646,           19.971418,           -2.018989,            3.908034,           -0.124178,            4.364357,          -12.283517,            0.054116,           -0.388103,            1.168169,           -2.917003,
                  17,            1.168503,            7.926911,           -5.508365,            8.589235,           -6.466463,            4.306389,            7.917027,            4.660190,           -9.529490,           -6.210064,            6.599832,            8.488914,           -3.610383,            1.378268,            3.771432,           -0.847183,           -1.515597,            4.270622,            1.338481,           -1.540303,            3.723922,           -0.955181,           -2.601989,           -0.608582,
                  18,           -0.846359,            4.749988,            3.919713,            6.555675,           -9.335395,           13.300373,           14.200450,          -11.602244,           -6.137506,           -8.766768,            6.919328,           15.190914,          -14.726968,           11.714450,           15.621564,            3.985572,           -8.555760,            4.158230,            1.366499,           -6.104717,            9.420099,           -0.592352,            0.009892,           -4.816109,
                  19,           -1.469121,            5.868076,           -4.612617,            5.894547,           -8.411222,            5.319259,           10.964996,           -6.272906,          -12.929971,           -7.495248,            4.751010,           14.932293,          -12.635166,            7.737642,           16.555395,            2.659627,           -0.606275,           -7.132878,            5.213978,          -10.988608,           -7.162377,            0.289122,           -1.196225,           -1.107070,
                  20,            2.975761,            1.716069,           -3.710432,           10.013456,          -12.018404,            6.132428,            9.425178,            4.279007,          -20.413834,           -8.724855,            8.080956,           11.412371,          -11.511552,            2.243431,           16.553016,            3.429216,           -1.301023,           -9.908700,            3.961358,           -6.446485,           -0.421160,           -1.461702,           -0.385149,           -0.736782,
                  21,            5.636640,            3.158528,           -9.249191,           13.025399,          -11.189761,            0.667284,            9.449796,            6.285142,          -15.377956,          -10.783510,            9.742488,           16.536042,          -13.051679,            3.113646,           22.554841,            2.802257,           -3.582873,           -1.622215,            3.436541,           -2.612325,            1.765691,           -2.784459,           -0.915026,            1.277700,
                  22,           -0.826854,           14.277292,           -9.741332,            6.750650,           -0.018312,           -0.470658,           16.584446,          -12.249850,           -5.401345,          -11.130217,           11.054519,           15.737215,          -11.978852,            5.953448,           15.016160,            6.156296,           -8.520406,           -4.739923,            2.739980,           -1.274906,           -2.404889,           -0.697362,           -4.011177,            0.728750,
                  23,           -1.701881,            9.435064,           -1.451445,            5.996411,           -5.095781,            7.890700,            9.606484,           -1.061018,          -10.000048,          -10.284301,           10.281793,           14.752504,          -12.693496,            9.628446,           14.191265,            5.471207,           -4.412992,          -12.080086,            1.723996,           -4.156242,            2.296963,            0.173429,           -2.814169,           -2.323644,
                  24,           -2.668359,            8.046005,           -3.753270,            4.813046,           -6.181419,            5.688643,            4.317322,            5.414996,          -13.383383,           -7.347484,            4.891796,           13.316224,           -9.401951,           -2.200970,           20.772154,            8.506027,          -14.849395,           -1.714226,            3.406319,           -8.500425,           -5.607268,            1.131230,           -2.906016,           -1.159910,
                  25,            2.424338,            6.600692,           -6.245772,           10.171146,           -8.336565,            3.629325,            9.403166,           -0.139042,           -6.290941,           -5.591881,            2.467778,           13.090555,           -8.985717,            1.870947,           13.382734,            6.009741,           -9.362473,           -2.271865,            2.122914,           -3.106454,            4.766738,           -1.674783,           -1.507792,           -0.619405,
                  26,            1.246118,            6.078289,           -3.278064,            8.692525,           -8.243506,            6.387186,            7.763777,           -3.719834,            1.348725,           -6.038584,            4.053749,           10.104248,          -11.636049,            0.869585,           21.913634,            5.938485,           -5.326595,          -11.759331,            1.592054,           -3.713889,            5.947676,           -0.923837,           -1.221503,           -2.435561,
                  27,            0.809379,            5.954063,           -5.863182,            8.375718,           -8.069466,            2.968350,            5.344797,            2.953763,           -5.869797,           -9.419331,            9.158774,           12.008940,          -17.644018,           14.986731,           14.573982,            6.823101,           -4.441957,          -17.440329,            3.675849,           -6.318022,           -3.077481,           -0.281229,           -2.028904,           -0.874194,
                  28,           -1.504580,            6.751064,           -1.225164,            5.869395,           -7.485764,            8.509017,           11.896968,           -7.581936,           -9.762789,           -9.406775,            8.298557,           14.186236,          -17.799193,           14.048167,           18.301748,            1.562588,           -0.043517,           -5.158626,            3.844472,           -8.000427,           -2.360364,            0.276685,           -1.531026,           -2.769421,
                  29,           -1.069237,            4.310817,           -1.880893,            6.594547,          -10.482140,            7.994967,            8.664792,           -6.041900,           -5.444250,           -3.905935,            4.815692,            4.264595,           -7.330119,           11.318369,            0.271505,            8.054609,           -8.161955,          -10.632521,            4.108137,          -10.833700,           -1.384152,            0.092212,           -0.316649,           -2.696056,
                  30,           -0.523209,            6.685396,           -1.725606,            6.725712,           -7.264545,            7.882914,            9.027304,            0.569498,           -9.825371,           -7.363483,            8.865168,            8.360299,           -5.610235,            0.966275,            8.819376,            3.802903,           -3.439168,           -4.581770,            1.599480,           -4.829471,            4.257818,           -0.355755,           -1.769220,           -2.094140,
                  31,           -1.364638,            9.030043,           -3.606995,            6.087013,           -5.130256,            5.749472,           17.570372,          -13.455225,          -14.043437,           -7.489749,            6.363930,           12.153445,           -6.249605,           -3.619916,           15.860839,            3.818777,          -13.823252,           12.396166,            3.988350,           -6.092172,           -3.197616,           -0.361256,           -1.929562,           -1.240256,
                  32,            2.104360,            9.064152,           -8.020959,            9.271271,           -4.660861,            1.405904,            7.902898,            3.260743,           -5.592607,           -6.676462,            5.683007,           11.693744,           -7.710551,            8.063787,            3.730379,           -2.934930,            3.700969,            2.163505,            1.598259,           -0.216485,            2.627558,           -1.245573,           -3.113049,            0.114229,
                  33,           -1.864440,            9.000589,           -1.784489,            5.313676,           -4.750420,            7.689114,            5.466391,            5.031957,           -8.496995,           -7.098624,            4.899953,           12.856837,          -11.336797,            0.943827,           21.142561,            8.434783,          -12.016145,          -15.776350,            1.724861,           -4.263666,            0.157560,            0.800354,           -3.400471,           -2.439298,
                  34,           -1.249091,            6.294267,            0.777855,            6.580090,           -8.568760,           10.336892,           10.024890,           -3.524238,           -7.414046,           -6.095729,            3.595096,           11.471319,           -6.389702,           -3.058250,           11.492015,            3.881488,            1.991199,          -19.617815,            2.357552,           -6.296775,            2.979446,            0.078064,           -1.401684,           -3.633383,
                  35,           -2.058043,           10.514803,           -0.574493,            5.564678,           -4.183160,            9.201032,            9.308934,            0.705077,           -9.191723,           -5.182547,            3.855612,            9.242857,           -5.003669,            0.234790,            7.475516,            4.807557,           -3.497532,           -9.434256,            1.487474,           -2.317420,            1.390221,            0.614831,           -3.657390,           -3.025274,
                  36,           -0.572114,            5.711357,           -1.698294,            6.537718,           -7.931031,            7.725304,            8.535633,           -4.533713,           -0.501883,           -5.595459,            1.923281,           13.653543,           -2.975337,          -11.065665,           17.432680,            3.430075,           -4.525168,           -1.845802,            2.488656,           -6.561992,            2.328887,           -0.053469,           -1.207247,           -3.027647,
                  37,            1.952538,            2.302502,           -4.774522,            9.398101,          -11.970910,            4.841054,           11.411460,           -5.305099,          -12.087088,           -4.230931,            1.630122,            9.575554,           -3.543402,           -7.740560,           13.711722,           12.355719,          -18.065441,           -7.774261,            4.920780,           -9.239010,           -2.298238,           -1.256083,            0.237649,           -0.945756,
                  38,           -1.071824,           11.723678,           -5.041414,            6.527404,           -2.521363,            4.100008,           17.674403,          -14.767955,           -3.947858,           -8.180083,            7.938515,           10.848021,          -11.914647,            3.510552,           19.784167,            4.632050,           -4.818461,           -9.470058,            1.364724,           -1.848914,            4.687730,           -0.932782,           -2.510277,           -1.111712,
                  39,           -2.047761,            9.360280,            0.948205,            5.654286,           -5.448071,           10.671982,           10.762321,           -4.030440,           -6.023643,           -6.295799,            4.811540,           11.400322,           -7.610617,            0.758522,           13.666098,            0.568337,           -2.472019,            0.262902,            0.879952,           -3.004497,            5.384053,            0.297464,           -2.598093,           -3.751299,
                  40,           -0.079170,            1.849003,           -1.331468,            7.338768,          -12.334521,            8.145361,            4.628730,            2.853786,           -9.521584,           -6.072876,            4.993827,            9.738971,          -12.256312,            7.030192,           17.412426,            2.502583,           -0.461185,           -5.921797,            3.504659,          -10.573802,            0.241546,           -0.096631,           -0.009324,           -2.346532,
                  41,            1.735637,            5.968083,           -7.447798,            9.179272,           -8.148701,            1.898743,           14.147194,           -6.267603,          -12.910899,           -4.115887,            2.600474,            8.812544,           -2.334405,           -2.256994,            5.732632,            6.282522,           -6.883988,           -6.134200,            4.543957,           -5.798516,           -3.581420,           -1.374335,           -1.252800,            0.264534,
                  42,           -4.736996,            8.915940,            2.453970,            3.041803,           -5.726489,           11.743641,           18.408032,          -18.838821,           -9.117912,           -1.105706,            0.979323,            3.301960,            0.595156,            3.720736,           -7.971065,           11.584626,          -11.689722,          -14.055255,            3.211701,           -9.269198,            0.168299,            0.786131,           -1.197234,           -4.077184,
                  43,            2.398599,            8.917606,          -10.470355,            9.577784,           -4.911595,           -0.795506,           11.246276,           -4.387929,           -4.750674,           -6.894468,            2.501638,           16.124419,          -10.458966,            1.173896,           16.628658,            2.098925,           -2.332627,           -4.227440,            3.228904,           -2.266454,           -1.382604,           -1.488957,           -2.564392,            0.888417,
                  44,            2.435980,           -0.026656,           -3.876956,           10.102491,          -14.730303,            5.765545,            2.963769,           12.643177,          -18.085454,           -7.331988,            6.348911,           11.826322,           -5.140674,           -6.545774,           17.892491,           -0.285491,           -0.467126,            1.847625,            3.698037,           -8.925416,           -0.124138,           -1.060027,            0.058236,           -0.602525,
                  45,            3.117350,            6.464199,           -5.302854,           10.802704,           -8.115718,            4.102715,           19.258173,          -13.858740,          -10.635741,           -9.277033,           10.881257,           10.351972,          -12.583678,           13.273623,            9.096688,           -1.204628,            3.778534,           -2.528828,            2.594350,           -1.931617,            6.089764,           -2.713696,           -0.475918,           -0.543195,
                  46,            2.378437,            3.990168,           -0.448366,           14.110890,          -16.304126,            6.934326,            6.682772,            8.148790,           -8.787663,          -12.380363,           13.470274,           17.193192,           -7.434593,           16.079380,          -11.175260,            1.100688,          -10.146854,           14.976964,            3.231922,           -1.796735,            1.443664,           -1.296272,           -1.149452,           -2.888918,
                  47,           -0.592340,            9.688724,           -0.099776,            6.898217,           -4.449323,            9.203613,           10.823795,           -1.571486,           -7.358959,           -6.248058,            5.146300,           10.206108,           -3.013600,           -4.367138,            7.384237,            5.819102,           -6.507784,           -7.179049,            0.769771,           -0.411939,            5.665813,           -0.231865,           -3.082087,           -3.184982,
                  48,           -2.709759,           10.878849,           -2.425252,            4.840842,           -3.411700,            6.902904,           11.577315,           -2.757109,           -8.884589,           -5.790510,            1.756049,           14.099268,          -10.631148,            5.318864,           11.232167,            2.777339,          -11.594548,            2.573232,            2.233097,           -4.000046,           -0.987390,            0.610196,           -3.493656,           -2.111265,
                  49,            2.737521,            2.403007,           -1.674165,           10.502597,          -12.358867,            7.801983,            9.337577,           -2.795331,           -5.220368,           -5.655947,            3.205941,           10.631720,           -1.401289,          -11.714946,            9.726219,            5.616782,           -5.867744,           -8.571518,            2.580097,           -5.103028,            5.861594,           -1.599399,            0.184872,           -2.643038,
                  50,           -1.041327,            8.810944,            0.410908,            6.543182,           -5.634636,            9.927698,            5.636327,            1.857958,            2.474125,           -7.982071,            5.880161,           14.103613,          -10.704247,            1.108078,           20.706549,            3.615572,           -4.623236,           -2.531977,            0.695292,           -1.995381,            5.786310,            0.408405,           -2.988716,           -4.284703,
                  51,           -4.806325,           12.707951,           -5.736094,            2.362356,           -1.098013,            3.871865,            5.870216,            1.540967,           -7.086985,           -8.080104,            8.479355,            9.518231,          -11.841665,            5.519611,           17.545388,           -0.976272,           -2.096856,            9.494619,            3.434961,           -7.127807,           -9.616561,            2.156223,           -4.784025,           -1.103524,
                  52,           -2.939896,            7.499900,           -6.061493,            4.537144,           -6.636351,            3.184005,            6.010040,           -3.389096,           -2.031803,           -4.658918,            0.915135,           12.687348,           -6.720432,           -0.967788,           13.486639,            6.307338,          -12.768942,            1.701845,            4.837420,          -11.436120,           -8.775916,            1.215636,           -2.069067,           -1.203730,
                  53,           -2.591103,           13.590821,           -1.414258,            4.822045,           -0.573263,            8.095186,           12.548334,           -8.330421,           -2.613059,           -7.860532,            6.746161,           11.198256,          -14.438089,            7.571264,           19.296099,            2.504249,           -2.360552,           -4.585700,            0.917237,           -0.882701,            3.383638,            0.473132,           -4.120372,           -3.099348,
                  54,           -0.914048,            7.352154,            2.523319,            6.719398,           -7.270598,           12.147371,            8.401776,            2.455156,           -9.335345,           -7.038497,            5.958220,           11.473356,          -10.005518,            5.992294,           11.824336,            3.621995,           -3.043677,           -5.673381,            1.028130,           -2.583196,            5.724069,            0.135599,           -2.436136,           -4.185754,
                  55,            2.857795,            2.461439,           -5.369417,           10.644712,          -12.344346,            4.110769,           10.102327,            0.606180,          -12.933156,           -6.671260,            3.924181,           14.015506,           -9.162020,            2.846079,           13.915210,            5.058223,           -9.788221,            1.785351,            3.569240,           -6.387026,            1.593648,           -1.808208,           -0.024969,           -0.387473,
                  56,           -0.175247,            8.749964,           -9.924101,            7.088269,           -5.360853,           -0.154304,            8.835114,            2.032671,          -13.123055,           -6.385792,            4.728714,           11.317357,           -9.687302,            4.818375,           11.298450,            2.458832,           -3.490627,           -0.059380,            3.926968,           -6.169945,           -6.252772,           -0.334112,           -2.879021,            1.445520,
                  57,           -2.708601,            6.590416,           -3.119013,            4.598801,           -7.285685,            6.210551,           10.299149,           -2.453532,          -14.067410,           -5.411851,            2.391585,           12.556167,           -5.994918,           -1.960033,           12.792736,            5.014183,           -9.916213,            2.387851,            4.836385,           -9.792380,           -8.527106,            0.969048,           -2.017656,           -1.556610,
                  58,            1.803268,            3.603847,           -5.204061,            9.132132,          -10.425028,            4.294854,           11.361348,            1.840913,          -17.954001,           -6.069290,            2.909623,           12.937036,           -3.969365,          -11.304793,           20.149811,            2.152601,           -3.619024,            1.115895,            3.372087,           -6.295312,            0.584679,           -1.445457,           -0.677084,           -0.014474,
                  59,           -0.557675,            9.945449,           -5.984053,            6.694842,           -4.158096,            3.890655,           12.161388,           -2.642926,          -13.162797,           -9.835474,            9.295687,           14.299502,          -12.391202,            3.628228,           20.171101,            2.878426,            2.153116,          -11.950718,            2.804004,           -3.412492,           -2.066663,           -0.334232,           -3.097275,           -0.329952,
                  60,           -1.488963,            6.294441,           -1.968117,            6.286965,           -8.664521,            7.881552,            7.902296,           -2.702044,           -7.541531,           -8.558831,            8.564923,           11.215766,          -10.866996,            5.756543,           11.162279,            5.642762,           -4.715487,           -9.980950,            3.340652,           -8.431312,           -1.255741,            0.335975,           -1.420363,           -2.502811,
                  61,           -0.118114,            2.294754,           -6.700893,            7.075152,          -11.529611,            2.780640,            6.444542,           -3.352286,           -6.376134,           -6.225940,            3.177377,           13.463166,           -7.530810,            1.444053,           10.928748,           -4.935030,            9.301370,            2.441648,            5.520951,          -13.439772,           -7.019685,            0.003119,            0.066597,           -0.547423,
                  62,            1.322545,            4.872469,           -3.820647,            8.600927,           -9.071480,            5.747991,           12.392884,           -5.150082,          -12.205739,           -8.606398,            6.754705,           14.397996,           -8.963650,           -0.625637,           13.972812,           -0.353259,           -1.944345,            6.540846,            3.551952,           -6.373574,            0.710891,           -1.143049,           -0.792101,           -1.264108,
                  63,           -0.719139,            7.494918,           -4.014343,            6.681121,           -6.513294,            5.279890,            2.323509,            8.479199,           -7.209103,           -5.075385,            3.191234,           10.031396,          -10.611408,           10.887881,            5.147587,            7.949139,          -10.502298,           -6.153253,            2.603816,           -5.184838,           -2.601413,            0.632619,           -3.115641,           -1.644199,
                  64,            0.107163,           10.588280,           -4.187763,            7.273425,           -3.295553,            5.489281,           12.301614,            2.806027,          -14.750353,           -6.856487,            5.473884,           12.161306,           -5.979436,           -4.349246,           17.858334,            3.164421,           -7.897656,            5.577717,            1.299778,            0.138465,            3.096260,           -0.771486,           -3.679443,           -0.780220,
                  65,           -1.221369,            0.911305,           -1.443061,            6.614398,          -14.109501,            8.271295,            9.240749,           -8.835678,           -7.765888,           -6.846524,            2.939163,           14.349864,          -10.822174,           -4.133468,           25.396908,           12.201051,          -19.152643,           -8.968931,            5.476493,          -14.999753,           -4.101333,            0.103516,            1.313198,           -2.632393,
                  66,           -1.134759,            8.377784,            1.921112,            6.199478,           -5.639237,           11.476880,           15.435227,          -10.374686,           -8.661335,           -7.441473,            5.138135,           13.247724,           -7.647211,           -3.681032,           16.804893,           -4.513582,            1.840762,           14.937326,            1.157823,           -2.828901,            7.192831,           -0.456002,           -1.739746,           -3.873544,
                  67,            0.012561,            8.192820,           -7.069953,            7.233575,           -6.008540,            3.152287,            5.256872,            4.605951,           -5.600936,           -7.888604,            7.505970,           11.884452,          -12.591788,           13.945621,            6.486577,            2.610992,           -6.201250,            2.767707,            2.889003,           -4.592807,           -2.990162,            0.080368,           -3.015283,           -0.652385,
                  68,            1.159406,            9.879090,          -10.075359,            8.962516,           -4.847469,           -0.749160,           12.955752,            2.292595,          -22.134510,           -4.518421,            3.271312,            8.713488,            0.589578,           -5.892861,            2.461220,            4.380873,           -2.063152,           -9.932562,            2.541382,           -1.861437,           -1.248365,           -1.555228,           -3.043401,            2.529631,
                  69,           -0.039325,           10.869281,           -4.488334,            7.222277,           -3.069364,            5.039899,           13.630970,            0.963325,          -20.262068,           -7.712955,            4.712663,           14.469304,          -15.512489,            7.563071,           18.704118,           -1.052248,           -2.912291,           13.347705,            0.934124,           -0.048879,            4.157297,           -1.035775,           -3.434835,           -0.005633,
                  70,           -2.746963,            4.342857,            0.048086,            4.788193,          -10.016730,            9.576889,           11.883785,           -8.672205,          -10.791834,           -8.264753,            8.611180,           10.239783,           -9.447406,            0.667615,           16.124005,           -0.852493,           -1.063285,            5.247642,            4.427927,          -11.924297,           -3.469083,            0.632238,           -0.288122,           -3.045878,
                  71,           -1.450545,           12.036006,           -3.414247,            6.052883,           -2.397672,            6.238448,            4.078811,            7.833008,           -3.399371,           -2.570904,           -1.045890,            9.949161,           -3.662993,           -1.351518,            6.816058,            6.732981,           -8.666548,           -5.768686,           -0.282211,            0.349022,            5.084199,            0.383261,           -4.494202,           -1.931982,
                  72,           -0.309291,            8.083930,           -6.401493,            7.206133,           -6.337958,            3.269888,            9.544535,           -6.796621,            1.008705,           -8.628961,            7.420613,           13.092321,           -7.829026,           -4.917561,           19.228698,           -0.199359,            4.209356,           -5.988208,            2.925001,           -5.843793,           -0.201230,           -0.383094,           -1.805515,           -1.190243,
                  73,           -1.035942,           11.670059,           -4.467188,            6.509679,           -2.545205,            4.736986,            6.019143,            8.386218,          -13.550894,           -2.642215,            3.011638,            4.905410,           -0.602721,            7.529625,          -10.045725,            7.616579,           -5.203519,          -12.443336,            0.329720,           -0.364355,            3.265168,           -0.000559,           -4.371513,           -0.558693,
                  74,            0.589352,            5.147197,           -4.810602,            7.939618,           -8.927209,            4.652868,           13.239375,           -8.994457,          -10.037075,           -8.902258,            7.302658,           14.664529,          -11.414129,            3.113680,           18.606878,            6.719201,           -5.875829,          -10.951184,            3.966215,           -7.616854,           -1.134506,           -0.939857,           -0.561545,           -0.968528,
                  75,           -3.558454,            9.490734,            3.365234,            3.711532,           -4.413041,           12.908145,            7.971189,           -4.138492,           -0.645815,           -5.691923,            1.866514,           13.748987,           -8.638990,           -0.740157,           17.040027,            6.465507,          -10.350059,           -4.999640,            0.982573,           -4.926422,            4.683306,            1.251372,           -2.768790,           -5.239847,
                  76,            0.950581,            7.402230,           -0.183413,            8.121774,           -6.503253,            9.613785,           13.606955,           -2.203030,          -12.165715,           -8.394987,            9.186555,           10.098981,          -12.815931,           13.585319,            7.164160,            7.272160,           -7.638895,          -13.298820,            0.877497,           -0.361503,            7.753444,           -1.144718,           -2.050280,           -2.727949,
                  77,           -3.039617,           10.364577,           -1.904934,            4.191883,           -3.743511,            7.922508,            5.078115,            4.930585,           -8.658122,           -5.234138,            7.228132,            5.038689,            1.145484,            0.361611,           -8.517170,            8.034494,           -6.250084,          -14.078143,            2.342165,           -4.925614,           -3.439658,            1.466372,           -4.068304,           -2.532649,
                  78,            0.081714,            8.326893,           -2.439170,            7.737355,           -6.363270,            7.232277,            4.677661,            5.922935,           -5.123183,           -7.835978,            6.275057,           12.958128,          -12.428038,            4.641168,           19.952252,            0.890376,           -0.808514,           -0.789652,            1.063440,           -1.984396,            4.205680,           -0.165251,           -2.909542,           -2.340641,
                  79,            0.953960,            6.398892,           -8.860975,            8.522463,           -8.030871,            0.661964,            6.734372,            2.327866,           -4.926925,           -8.324534,            8.783968,           11.778432,          -13.076985,           19.602170,            1.826637,            3.326268,           -6.570115,           -0.350533,            4.276027,           -6.491743,           -5.540042,           -0.429265,           -2.124695,            0.145010,
                  80,            1.953798,            7.238717,           -6.982367,            9.344312,           -6.756610,            2.270759,            7.792124,            8.065781,          -14.415840,           -5.609605,            1.460091,           14.010666,           -9.719146,            1.438340,           15.523055,           -0.181084,            0.244132,           -1.054442,            2.698098,           -2.107084,           -0.815584,           -1.049578,           -2.878312,            0.322718,
                  81,           -1.936461,            7.910739,           -5.289212,            5.189278,           -5.966373,            4.461748,           10.142239,           -4.839106,           -6.474178,           -6.084994,            5.331693,           10.436244,           -7.952370,            6.164166,            8.835809,           -2.094358,            2.606597,            0.455522,            3.676659,           -8.332546,           -3.989187,            0.399493,           -2.065643,           -1.130759,
                  82,            0.338934,            3.638598,           -1.014916,            7.964436,          -10.893631,            8.526124,            4.670880,            5.911035,           -8.072174,           -5.724116,            4.539102,            9.996192,           -2.113187,           -7.284884,            9.339179,           -4.019135,            1.383791,            8.591537,            3.222337,           -7.062085,           -0.251630,            0.046105,           -1.284332,           -2.950071,
                  83,            0.409977,            3.990482,            0.377961,            8.098659,          -10.899452,           10.327957,           11.903793,            1.355545,          -20.352127,           -7.009881,            5.397658,           12.730748,           -4.626483,           -5.056422,           14.599430,            3.311952,           -6.585071,            1.625866,            2.697629,           -5.923844,            3.245050,           -0.864266,           -0.731722,           -2.335703,
                  84,            0.206943,            6.643954,           -3.864581,            7.351596,           -7.239060,            5.980737,            5.958322,            1.269352,           -3.140104,           -7.136983,            4.952872,           12.561051,           -3.362009,           -8.408643,           11.131915,            5.184666,           -4.296067,          -11.629265,            2.088312,           -4.663189,            1.942795,           -0.231989,           -1.972188,           -1.937505,
                  85,            0.028196,            1.309740,           -1.271903,            7.786417,          -13.508678,            8.348421,            6.225785,            0.057859,           -8.037718,           -5.992569,            2.969249,           13.248605,           -3.438124,          -12.822709,           20.525802,            5.524086,           -9.489051,           -1.709374,            4.387201,          -11.603910,           -1.402014,           -0.121125,            0.354484,           -2.717837,
                  86,            0.399593,           10.357632,           -3.925134,            7.881038,           -4.108488,            5.906295,            6.743960,           12.608876,          -14.389523,          -10.088462,           12.661218,            9.667300,          -12.060616,           10.675858,           10.315835,            2.951566,           -7.765840,            4.043237,            0.747967,            1.738336,            2.448430,           -0.292466,           -4.515959,           -1.085415,
                  87,           -2.401457,           11.184872,            0.971836,            4.938020,           -3.039212,           10.722654,           10.467399,            3.759774,          -12.313175,           -4.819255,            0.821016,           13.523421,           -0.048082,          -11.230972,            9.841326,            5.837489,           -5.694796,           -7.683210,            0.739906,           -0.236506,            2.827133,            0.703914,           -4.275889,           -3.380550,
                  88,           -3.501181,            9.974508,            1.199216,            3.514501,           -3.439360,           10.570752,           10.041591,           -1.607561,           -8.514365,           -8.945502,            8.918015,           12.832335,          -14.447009,           12.456140,           15.421119,            1.818316,           -7.147125,            8.982905,            2.267352,           -4.741566,           -1.540888,            1.431724,           -3.610555,           -3.923093,
                  89,           -1.955928,            7.960453,           -0.800262,            5.803538,           -6.728343,            8.634813,            9.408203,           -2.114465,           -7.179783,           -7.884441,            5.488447,           14.444333,          -10.224253,            0.800047,           17.738772,            0.150026,           -0.799223,            3.964282,            2.269469,           -5.623690,            0.940025,            0.430078,           -2.244320,           -2.951484,
                  90,           -1.514997,            6.342266,           -5.356582,            6.275088,           -8.305613,            3.930481,           -1.022237,           11.566947,           -5.508257,           -7.675708,            8.239481,            9.935539,          -10.420072,            4.367185,           17.492865,            3.263640,           -7.551332,            1.540711,            4.247230,           -9.389278,           -8.121280,            1.297704,           -2.878392,           -1.356195,
                  91,            2.571801,            4.775197,           -5.389763,           10.226757,           -9.866950,            4.280358,            4.808922,            9.000685,           -9.517621,           -3.999722,            2.126601,            8.000945,           -1.608693,           -8.271339,            9.462761,            9.250092,          -12.656342,           -8.083511,            2.294153,           -3.315654,            2.391769,           -1.151817,           -1.759712,           -0.810021,
                  92,           -0.689023,            0.934252,            1.540043,            6.566853,          -13.003315,           11.081481,            6.214361,           -0.620977,           -7.368980,           -7.571566,            5.063089,           15.190811,           -7.800072,           -1.290266,           16.609354,           -0.488320,            1.403332,            1.600995,            3.635122,          -11.264957,            0.796810,            0.208911,            0.451085,           -3.846741,
